record_221217_152213,hola hola hola hola,977e6d9e-56c1-40a4-8b77-7b3a46b64827,
record_221218_012039,hola hola hola,a18ebf12-18ed-46f6-a962-871776cf600b,
record_221218_050407,hola hola hola hola hola hola,a7434cfb-1946-450d-a95b-2008d9d3f875,
record_221218_050443,hola hola hola hola hola,a5263806-f8eb-4646-9956-87437cba048f,
record_221218_052627,hola hola hola hola hola,5c842574-4f32-4b41-aa74-e70e0fbe084d,
record_221218_054624,oya oya oya oya,0e935a94-8da3-4bd0-a74c-98105275ce54,
record_221218_054639,Hola No ya me voy a dormir,c87cd2c3-12e0-42aa-9f71-36bad04e8429,
record_221218_054652,hola hola hola hola hola hola,bfed8e60-6365-49ba-8d05-906913eb3baf,
record_221218_062305,hola hola hola,840b45a8-7fce-495b-b3ed-a788980be9ac,
record_221218_070202,hola hola hola,e8e33bd6-b164-4a3d-b5dd-d36c8c8349c6,
record_221218_070223,hola hola hola hola,5f3e17c1-98b5-4fc7-af43-bcbeedb7381c,
record_221218_070712,hola hola hola,eebb78e5-33b0-42dd-96d8-27aca3192218,
